{
  "parent": "minecraft:block/thin_block",
  "textures": {
    "particle": "obsidian_blocks:block/obsidian_trapdoor",
    "texture": "obsidian_blocks:block/obsidian_trapdoor"
  },
  "elements": [
    {
      "from": [0, 0, 13],
      "to": [16, 16, 16],
      "faces": {
        "down": {"uv": [0, 0, 16, 3], "texture": "#texture"},
        "up": {"uv": [0, 0, 16, 3], "texture": "#texture"},
        "north": {"uv": [0, 0, 16, 16], "texture": "#texture"},
        "south": {"uv": [0, 0, 16, 16], "texture": "#texture"},
        "west": {"uv": [0, 0, 3, 16], "texture": "#texture"},
        "east": {"uv": [13, 0, 16, 16], "texture": "#texture"}
      }
    }
  ]
}